Numero Cliente,Nombre,Rut,Direccion,Celular
2,Gloria Zamora,98246479,Amancay 751 los J.del Cerro Taltal,961100002
3,Silvia Espejo,66591808,Avenida Matta 1695 Taltal,552612461
4,Angelina Roga,74680828,Avenida Matta 2168 Taltal,998952691
5,Ekko Mart SPA,778691515,Eluterio Ramires 271 Taltal,990970802
6,Ana Cuadra,93281225,Progreso 664 Taltal,977412074
7,Wilson Rojas,49798709,Merino Jarpa 960 Chañaral,983600776
8,Restuarant El Corazon SPA,776294926,Jorge Montt 683 Taltal,999132566
11,Ana Palacio,6477929k,Ohiggins 583 Taltal,
12,Rafael M. Tapia,121707047,Serrano 801 Taltal,949202122
13,Nelson Colillan,9465498k,Sargento Aldea Taltal,992784297
14,Ximena E. Diaz Carcamo,92948943,Thompson 667 Taltal,996918972
15,Maria A. Zazzali Piazzoli,70879778,Arturo Prat 619 Taltal,552611724
16,Luis Esquivel,171327962,Niganor Plaza 1070 Antofagas,995284579
17,Fernando L. Godoy Perez,101991598,Carrera 108 Taltal,988355016
18,Minimarket Gyn SPA,773534292,Arturo Prat 1397 Taltal,957137022
19,Andrea Alejandra Araya Araya,13326970-3,Riquelme 916,947743420
20,Rita C. Araya Perez,67574389,argento Aldea 402 Taltal,94290588
21,Patricia Guarda Carillo,88716078,Juan Martinez 447 Taltal,977597666
22,Dolly Ayala Pipazrro,70962144,Serrano 716 Taltal,999122202
24,Maria I. Quintana Egana,55141045,Avenida Matta 148 Taltal,552611107
23,Nestor,,,
25,Com.San Pablo SPA,76447976,Serrano 956 Taltal,965120806
26,Pancho Cabrera,10.518.533-2,,976817052
27,Miguel Gavilan,137897512,Prat 486 Taltal,942489958
28,Servicios Integrales,78286469,Zuleta 25 Chañaral,
31,Comercial San Francisco,781316865,Leonidas Perez 2938 Copiapo,
34,Victor Covarrubias Vegas,187923123,Arturo Prat 475 Taltal,952094939
35,Maria Teresa Araya Araya,100100142,Avenida Arturo Prat 1511 Chñaral,997058028
36,Oscar M. Zamora Salazar,39512882,Freire 613 Chañaral,
37,Marcelina Carmona Constancio,11380114k,Isabel Barrios Ford 666 Taltal,98222559
38,Delia Reyes Cuello,8759775k,,
39,Elvia AnaisRamirez,225886318,Serrano 820 Taltal,
40,Yubitza Tapia,135303151,Matta 1221 Taltal,971305905
41,Claudia Miskulini,161336599,E. Lillo 319 Taltal,930681983
42,Maria/Ana Palacio,,,
43,Casa Blanca SPA,73682607,,957718524
44,Javier Antonio Rojas Salas,94464013,Merino Jarpa 583 Chañaral,997365732
45,Rossana Ines Pizarro Toro,98627340,Zuleta 149 Chañaral,989547123
46,Jannette Cordovez,8876238k,Atacama 795 Taltal,956652713
47,Maritza Abarca Valderrama,108734299,Mario Bahamones 1886 Renacer Taltal,962336853
48,Marcia Aguirre,105882742,Santo Bahamondes 845 Taltal,979589200
49,Liliana Lizama Lopez,73221102,San Martin 631 Taltal,973835208
50,Geovani Alberto Marambio,99435895,Esmeralda 760 Taltal,932266690
51,Sara ester Contreras Yañez,133268200,Ramirez 345,956911080
52,Raniero Perucci Osorio,109323837,San Martin 217 Taltal,995965975
53,Milza Antonia Ramos Mercado,64617958,Los Carrers 940 Chañaral,522481114
55,Mauricio Segundo Valenzuela Cordovez,165242629,AV Gral Bonilla Taltal,
54,Oscar Javier Beecher Bugueno,117232263,Avda Diego de Almeyda 528 Chañaral,
56,Juan Sebastian Montenegro,761772988,esmeralda 328,983979681
57,Yenny Oliyanes,139758684,,
58,Misael Gavilan,,Avenida Matta,983979681
59,Rentas e Inversiones Betania SPA,775068558,Av los Loros 1357 Copiapo,
60,Lucy del Carmen Rojo Bugueno,103897629,Avenida Arica 669,
61,Carnes La Andina 4E Spa,78339552-5,Juan Martinez 814 D de Almagro,
62,Andrea Vergara Soto,103322715,Merino Jarpa 865 Taltal,976742318
63,Teresa Polez,47460468,Avenida Matta 42,944478551
65,En San Cristobal SPA,778956853,Buena Esperanza 540 Copiapo,
64,Carniceria y Roticeria Joche Joche Ivan Tapia,781421057,Diego de Almagro 511,999997405
69,La Central 2.0 SPA,776103810,San Martin 283-287 Taltal,973820522
70,Mis Raices SPA,773582513,Gallo 598 Esquina Montt Caldera,
72,El Viejo Robles SPA,775508027,El Caleuche,
78,Rotiseria Taltal Itda,761932403,Prat 709 Taltal,992432208
79,Lidia del Carmen Gomez Chinga,106818924,P.Norte/Sur 1090,962324955
80,A & B SPA,775902353,Av Matta 1221 Taltal,
81,Yomar Mariana Arana Mosquera,21512052k,12 de Julio 038 Casa Poblacion Taltal,
82,Oscar Julio Calderon Fritis,5515402,Maipu 717 Copiapo,
83,Lina Maria Carvajal Vielma,7827008k,Gaston Serazzi 367 Aeropuerto Chañaral,
84,Rosa Vianette Palacios Ramos,109172294,Serrano 701-709 Taltal,
85,Jacqueline Ximena Acuña Armijo,245614578,Serrano 985 Oficina,
86,Silvia Lidia Lizama Lopez,54697155,San Martin 641 Taltal,
87,Juan Luis Lai Burgos,95666493,Los Baños 226 Chañaral,
88,Soc Hecort Ltda,797618705,Comercio 394,965176238
89,Inmobiliaria Atacama SPA,768964041,Avda. Matta 1435 Taltal,
29,Mirza,,,
1,HOSTAL PAN DE AZUCA,,,
68,Edith Montalvo Chipana,28.669.677-5,Los Carrera 514,
67,Chompo,,,
71,YESICA CARDENAS PEREZ,27.098.079-1,S.ALDEA Nº907  COPIAPO,
73,PALADAR ZULIANO SPA,77.717.262-K,LOS CARRERAS Nº3131 COPIAPO,
30,Comercial y Servicios Sba Spa,78.341.819-3,Ramirez N 325,Taltal
32,Carniceria Rest.Min.Mark Varela,77.110.005-8,Buena Esperanza Nº 540,
74,Mezones & Uluchi Limitada,77.469.885-k,Maipu N142A,
9,Padrotes L&ZSpa,78220681-8,Freire 41  Copiapo,
