Numero Cliente,Numero Factura,Fecha,Valor Venta,Pago Efectivo,Pago Cheque,Pago Transferencia,Deuda,Credito
1,CAF,2026-02-28,116000,0,0,0,,116000
1,0,2026-03-30,0,116000,0,0,,-116000
1,0,2026-05-21,115000,0,0,0,,115000
1,0,2026-05-28,0,115000,0,0,,-115000
3,9318,2026-04-20,40794,40794,0,0,,0
3,9440,2026-05-11,84915,84915,0,0,,0
4,0,2026-02-07,828712,0,0,0,,828712
4,0,2026-02-13,0,0,0,300000,,-300000
4,9002,2026-02-14,172487,0,0,0,,172487
4,9039,2026-02-20,161450,0,0,0,,161450
4,9071,2026-02-28,181544,0,0,0,,181544
4,0,2026-03-06,0,0,0,400000,,-400000
4,9111,2026-03-07,165248,0,0,0,,165248
4,9143,2026-03-13,170454,0,0,0,,170454
4,9182,2026-03-21,162258,0,0,0,,162258
4,9218,2026-03-30,165928,0,0,0,,165928
4,0,2026-04-04,0,0,0,400000,,-400000
4,9262,2026-04-04,151808,0,0,0,,151808
4,0,2026-04-10,0,0,0,300000,,-300000
4,9282,2026-04-13,174990,0,0,0,,174990
4,9319,2026-04-17,161496,0,0,0,,161496
4,9369,2026-04-24,170344,0,0,0,,170344
4,9409,2026-05-02,141197,0,0,0,,141197
4,0,2026-05-08,0,0,0,400000,,-400000
4,94441,2026-05-11,166049,0,0,0,,166049
4,9482,2026-05-16,142592,0,0,0,,142592
4,0,2026-05-22,0,0,0,300000,,-300000
4,9522,2026-05-22,134390,0,0,0,,134390
4,0,2026-05-30,0,0,0,400000,,-400000
4,9549,2026-05-30,161295,0,0,0,,161295
4,9592,2026-06-06,153467,0,0,0,,153467
4,0,2026-06-13,0,0,0,400000,,-400000
4,9626,2026-06-13,151416,0,0,0,,151416
7,8173,2025-08-21,259632,0,0,0,,259632
7,0,2025-10-03,0,259632,0,0,,0
7,8369,2025-10-03,133073,0,0,0,,133073
7,0,2025-11-07,0,133073,0,0,,0
7,8613,2025-11-21,172157,0,0,0,,172157
7,8816,2026-01-05,74031,0,0,0,,74031
7,8820,2026-01-06,91074,0,0,0,,91074
7,8885,2026-01-18,180271,0,0,0,,180271
7,0,2026-01-23,0,0,517533,0,,0
7,9001,2026-02-14,243146,0,0,0,,243146
7,0,2026-03-13,0,0,243146,0,,-243146
7,9142,2026-03-13,168910,0,0,0,,168910
7,9275,2026-04-04,41836,0,0,0,,41836
7,9585,2026-06-04,91613,0,0,0,,91613
7,0,2026-04-14,0,210746,0,0,,-210746
7,9397,2026-04-24,174455,0,0,0,,174455
8,9370,2026-04-24,103530,0,0,0,,103530
8,9417,2026-04-30,368181,0,0,0,,368181
8,9423,2026-04-30,513024,0,0,0,,513024
8,0,2026-05-14,0,0,0,984735,,-984735
8,9483,2026-05-16,378712,0,0,0,,378712
8,0,2026-05-28,0,0,0,378712,,-378712
8,9621,2026-06-06,391166,0,0,0,,391166
8,0,2026-06-13,0,0,0,391166,,-391166
8,9627,2026-06-13,433743,0,0,433743,,0
9,9500,2026-05-16,107100,107100,0,0,,0
11,8719,2025-12-19,205271,0,0,0,,205271
11,0,2025-12-31,0,0,0,205271,,-205271
11,8860,2026-01-18,244981,0,0,0,,244981
11,8896,2026-01-24,111463,0,0,0,,111463
11,0,2026-01-30,0,0,0,200000,,-200000
11,8929,2026-01-30,163907,0,0,0,,163907
11,8975,2026-02-07,211476,0,0,0,,211476
11,0,2026-02-28,0,0,0,231827,,-231827
11,0,2026-04-02,0,0,0,150000,,-150000
11,0,2026-03-04,0,0,0,150000,,-150000
11,9321,2026-04-20,254971,0,0,0,,254971
11,0,2026-04-23,0,0,0,160000,,-160000
11,9398,2026-04-24,401975,0,0,0,,401975
11,0,2026-05-08,0,0,0,200000,,-200000
11,9442,2026-05-11,206306,0,0,0,,206306
11,0,2026-05-14,0,0,0,200000,,-200000
11,9489,2026-05-16,101168,0,0,0,,101168
11,0,2026-05-22,0,0,0,303252,,-303252
11,9523,2026-05-22,373437,0,0,0,,373437
11,0,2026-06-02,0,0,0,250000,,-250000
11,0,2026-06-11,0,0,0,123450,,-123450
11,9648,2026-06-13,167257,0,0,0,,167257
11,0,2026-06-14,0,0,0,101170,,-101170
12,8976,2026-02-07,136445,0,0,0,,136445
12,0,2026-02-13,0,0,274583,0,,-274583
12,9003,2026-02-14,136445,0,0,0,,136445
12,0,2026-02-20,0,0,325634,0,,-325634
12,9041,2026-02-20,272851,0,0,0,,272851
12,CAF,2026-02-07,138138,0,0,0,,138138
12,CAF,2026-02-14,189189,0,0,0,,189189
12,9073,2026-02-28,204668,0,0,0,,204668
12,0,2026-03-06,0,0,272851,0,,-272851
12,0,2026-03-06,0,0,204668,0,,-204668
12,9113,2026-03-07,204668,0,0,0,,204668
12,0,2026-03-13,0,0,204668,0,,-204668
12,9155,2026-03-13,203740,0,0,0,,203740
12,0,2026-03-21,0,0,203740,0,,-203740
12,9196,2026-03-21,204668,0,0,0,,204668
12,0,2026-03-21,126126,0,0,0,,126126
12,0,2026-03-30,0,0,330794,0,,-330794
12,9220,2026-03-30,204668,0,0,0,,204668
12,0,2026-04-04,0,204668,0,0,,-204668
12,0,2026-04-04,119792,0,0,0,,119792
12,9255,2026-04-04,135892,0,0,0,,135892
12,0,2026-04-11,0,0,255684,0,,-255684
12,0,2026-04-11,183707,0,0,0,,183707
12,9283,2026-04-13,131756,0,0,0,,131756
12,0,2026-04-20,0,0,315463,0,,-315463
12,9322,2026-04-17,266190,0,0,0,,266190
12,0,2026-04-24,0,0,266190,0,,-266190
12,9372,2026-04-24,196905,0,0,0,,196905
12,0,2026-05-01,0,0,196905,0,,-196905
12,0,2026-04-30,182273,0,0,0,,182273
12,0,2026-05-08,0,0,182273,0,,-182273
12,0,2026-05-11,118966,0,0,0,,118966
12,9443,2026-05-11,131850,0,0,0,,131850
12,9479,2026-05-11,65949,0,0,0,,65949
12,0,2026-05-16,0,0,316765,0,,-316765
12,9484,2026-05-16,331339,0,0,0,,331339
12,0,2026-05-22,0,0,331339,0,,-331339
12,9524,2026-05-22,256037,0,0,0,,256037
12,0,2026-05-30,0,0,256037,0,,-256037
12,0,2026-05-30,121355,0,0,0,,121355
12,9550,2026-05-30,202122,0,0,0,,202122
12,0,2026-06-06,0,0,323477,0,,-323477
12,9604,2026-06-06,267834,0,0,0,,267834
12,0,2026-06-13,0,0,267834,0,,-267834
12,9628,2026-06-13,276389,0,0,0,,276389
14,6994,2024-10-25,107079,0,0,0,,107079
14,7019,2024-11-01,55988,0,0,0,,55988
14,0,2024-11-29,0,0,163067,0,,0
16,8685,2025-12-12,197600,0,0,0,,197600
16,0,2025-12-30,0,0,0,197600,,-197600
16,8725,2025-12-19,115415,0,0,0,,115415
16,0,2026-01-26,0,0,0,115415,,-115415
16,8721,2025-12-19,115300,0,0,0,,115300
16,0,2025-12-30,0,0,0,115300,,-115300
16,8757,2025-12-24,237660,0,0,0,,237660
16,8783,2025-12-31,133932,0,0,0,,133932
16,0,2026-01-30,0,0,0,133932,,-133932
16,8801,2025-12-31,81926,0,0,0,,81926
16,8829,2026-01-09,231253,0,0,0,,231253
16,0,2026-01-30,0,0,0,231253,,-231253
16,8862,2026-01-18,228763,0,0,0,,228763
16,0,2026-01-30,0,0,0,228763,,-228763
16,8898,2026-01-24,357370,0,0,0,,357370
16,8931,2026-01-30,436989,0,0,0,,436989
16,8977,2026-02-07,323073,0,0,0,,323073
16,9004,2026-02-14,194243,0,0,0,,194243
16,9005,2026-02-14,90862,0,0,0,,90862
16,9042,2026-02-20,374481,0,0,0,,374481
16,9074,2026-02-28,207943,0,0,0,,207943
16,9078,2026-02-28,108384,0,0,0,,108384
16,0,2026-03-05,0,0,0,81926,,-81926
16,0,2026-03-05,0,0,0,794359,,-794359
16,0,2026-03-05,0,0,0,323073,,-323073
16,0,2026-03-05,0,0,0,285102,,-285102
16,0,2026-03-05,0,0,0,374481,,-374481
16,9114,2026-03-07,292569,0,0,0,,292569
16,9144,2026-03-13,241852,0,0,0,,241852
16,9183,2026-03-21,266915,0,0,0,,266915
16,9221,2026-03-30,294828,0,0,0,,294828
16,9256,2026-04-04,205286,0,0,0,,205286
16,0,2026-04-04,0,0,0,1000000,,-1000000
16,9293,2026-04-13,284123,0,0,0,,284123
16,9323,2026-04-17,281468,0,0,0,,281468
16,0,2026-04-21,0,0,0,207943,,-207943
16,0,2026-04-21,0,0,0,108384,,-108384
16,0,2026-04-21,0,0,0,96164,,-96164
16,0,2026-04-21,0,0,0,205286,,-205286
16,9373,2026-04-24,274055,0,0,0,,274055
16,9410,2026-04-30,365910,0,0,0,,365910
16,9418,2026-04-30,97241,0,0,0,,97241
16,0,2026-05-06,0,0,0,839646,,-839646
16,9444,2026-05-11,426953,0,0,0,,426953
16,9485,2026-05-16,221007,0,0,0,,221007
16,0,2026-05-22,0,0,0,463151,,-463151
16,9525,2026-05-22,241065,0,0,0,,241065
16,9551,2026-05-30,179546,0,0,0,,179546
16,0,2026-06-02,0,0,0,241065,,-241065
16,0,2026-06-02,0,0,0,426953,,-426953
16,0,2026-06-02,0,0,0,221007,,-221007
16,9594,2026-06-06,350029,0,0,0,,350029
16,9629,2026-06-13,399050,0,0,0,,399050
16,0,2026-06-18,0,0,0,350029,,-350029
16,0,2026-06-18,0,0,0,179546,,-179546
17,0,2025-01-24,1098512,0,0,0,,1098512
17,0,2025-02-21,0,0,0,70000,,-70000
17,0,2025-02-28,0,0,0,80000,,-80000
17,0,2025-05-30,0,0,0,100000,,-100000
17,0,2026-01-23,0,0,0,70000,,-70000
17,0,2026-01-30,0,0,0,70000,,-70000
18,08325,2025-09-26,133851,0,0,0,,133851
18,08382,2025-10-09,122600,0,0,0,,122600
18,0,2025-10-30,0,0,0,256451,,-256451
18,08647,2025-12-05,55585,0,0,0,,55585
18,8686,2025-12-12,58191,0,0,0,,58191
18,0,2025-12-23,0,0,0,113776,,-113776
18,9184,2026-03-21,32011,32011,0,0,,0
18,9291,2026-04-13,135972,0,0,0,,135972
19,0,2025-12-24,4269636,0,0,0,,4269636
19,0,2026-01-09,0,0,0,892948,,-892948
19,8830,2026-01-09,495075,0,0,0,,495075
19,8341,2026-01-09,65450,0,0,0,,65450
19,0,2026-01-09,0,0,0,1100000,,-1100000
19,8352,2026-01-09,1159358,0,0,0,,1159358
19,0,2026-01-23,0,0,0,2276748,,-2276748
19,0,2026-01-30,0,0,0,1119883,,-1119883
19,8941,2026-01-30,1398476,0,0,0,,1398476
19,0,2026-02-06,0,0,0,600000,,-600000
19,0,2026-02-10,0,0,0,800000,,-800000
19,9012,2026-02-14,1127882,0,0,0,,1127882
19,9018,2026-02-14,1145792,0,0,0,,1145792
19,0,2026-02-17,0,0,0,598476,,-598476
19,0,2026-02-20,0,400000,0,0,,-400000
19,9043,2026-02-20,364020,0,0,0,,364020
19,9052,2026-02-20,368769,0,0,0,,368769
19,0,2026-02-28,0,0,0,1145792,,-1145792
19,9098,2026-02-28,704742,0,0,0,,704742
19,0,2026-03-05,0,0,0,1127882,,-1127882
19,0,2026-03-05,0,0,0,200000,,-200000
19,9137,2026-03-07,1476433,0,0,0,,1476433
19,9157,2026-03-14,1293590,0,0,0,,1293590
19,0,2026-03-21,0,0,0,132789,,-132789
19,0,2026-03-21,0,1411000,0,0,,-1411000
19,0,2026-04-11,0,0,0,850000,,-850000
19,0,2026-04-11,0,443590,0,0,,-443590
19,9292,2026-04-13,200189,0,0,0,,200189
19,0009306,2026-04-13,1360765,0,0,0,,1360765
19,9346,2026-04-17,1352673,0,0,0,,1352673
19,9385,2026-04-24,1494688,0,0,0,,1494688
19,0,2026-04-29,0,0,0,1500000,,-1500000
19,0,2026-05-08,0,0,0,2000000,,-2000000
19,0,2026-05-28,0,0,0,1678430,,-1678430
19,9555,2026-05-30,927689,0,0,400000,,527689
19,0,2026-06-11,0,0,0,527689,,-527689
19,9636,2026-06-13,70805,0,0,0,,70805
19,0,2026-06-18,0,0,0,70805,,-70805
22,8932,2026-01-01,559481,0,0,0,,559481
22,0,2026-02-06,0,559481,0,0,,-559481
22,8978,2026-02-07,374166,0,0,0,,374166
22,0,2026-02-13,0,374166,0,0,,-374166
22,9006,2026-02-14,634093,0,0,0,,634093
22,0,2026-02-20,0,634093,0,0,,-634093
22,9067,2026-02-20,106304,0,0,0,,106304
22,0,2026-02-28,0,106304,0,0,,-106304
22,9075,2026-02-28,423578,0,0,0,,423578
22,9079,2026-02-28,75907,0,0,0,,75907
22,0009090,2026-02-28,153224,153224,0,0,,0
22,0,2026-03-06,0,499484,0,0,,-499484
22,0,2026-03-06,0,1,0,0,,-1
22,9115,2026-03-07,650062,0,0,0,,650062
22,0009135,2026-03-07,165993,165993,0,0,,0
22,0,2026-03-13,0,650062,0,0,,-650062
22,9145,2026-03-13,248883,0,0,0,,248883
22,0009159,2026-03-14,153570,153570,0,0,,0
22,0,2026-03-21,0,248883,0,0,,-248883
22,9185,2026-03-21,349977,0,0,0,,349977
22,0009201,2026-03-21,147703,147703,0,0,,0
22,0,2026-03-30,0,349977,0,0,,-349977
22,9222,2026-03-30,477906,0,0,0,,477906
22,0009233,2026-03-30,183248,183248,0,0,,0
22,0,2026-04-11,0,477906,0,0,,-477906
22,9285,2026-04-13,589957,0,0,0,,589957
22,0009302,2026-04-13,198254,198254,0,0,,0
22,0,2026-04-20,0,589957,0,0,,-589957
22,9324,2026-04-17,515794,0,0,0,,515794
22,0009340,2026-04-17,216866,216866,0,0,,0
22,0,2026-04-24,0,515794,0,0,,-515794
22,9374,2026-04-24,494965,0,0,0,,494965
22,0,2026-05-08,0,494965,0,0,,-494965
22,9445,2026-05-11,779783,0,0,0,,779783
22,0,2026-05-16,0,779783,0,0,,-779783
22,9486,2026-05-16,482218,0,0,0,,482218
22,0,2026-05-30,0,482218,0,0,,-482218
22,9552,2026-05-30,523648,0,0,0,,523648
22,0,2026-06-06,0,523648,0,0,,-523648
22,9595,2026-06-06,290098,0,0,0,,290098
22,0,2026-06-13,0,290098,0,0,,-290098
22,9630,2026-06-13,497333,0,0,0,,497333
23,CAF,2026-02-14,32955,0,0,0,,32955
23,0,2026-02-20,0,0,0,32955,,-32955
23,CAF,2026-02-20,53232,0,0,0,,53232
23,0,2026-03-21,0,0,0,28230,,-28230
23,0,2026-04-23,0,0,0,25002,,-25002
23,0,2026-05-11,181354,0,0,0,,181354
23,0,2026-05-14,0,0,0,45000,,-45000
23,0,2026-05-28,0,0,0,50000,,-50000
24,8212,2025-08-29,206488,0,0,0,,206488
24,0,2025-09-05,0,0,206488,0,,-206488
24,8266,2025-09-12,32280,0,0,0,,32280
24,8267,2025-09-12,214501,0,0,0,,214501
24,0,2025-09-26,0,0,246781,0,,-246781
24,8384,2025-10-09,151547,0,0,0,,151547
24,0,2025-10-23,0,151547,0,0,,-151547
24,8550,2025-11-14,140920,0,0,0,,140920
24,0,2025-12-23,0,0,0,140920,,-140920
24,9859,2025-12-24,164362,0,109080,0,,55282
24,0,2026-01-09,0,0,55282,0,,-55282
24,9146,2026-03-13,142387,0,0,0,,142387
24,0,2026-03-30,0,0,142387,0,,-142387
24,9375,2026-04-24,262194,0,0,0,,262194
24,0,2026-05-16,0,0,262194,0,,-262194
24,9553,2026-05-30,306978,0,0,0,,306978
24,0,2026-06-13,0,0,306978,0,,-306978
24,9631,2026-06-13,135052,0,135052,0,,0
25,0,2026-02-07,1625658,0,0,0,,1625658
25,9007,2026-02-14,3440039,0,0,0,,3440039
25,9008,2026-02-14,108969,0,0,0,,108969
25,9045,2026-02-20,2818046,0,0,0,,2818046
25,9068,2026-02-20,390089,0,0,0,,390089
25,0,2026-02-28,0,0,8382801,0,,-8382801
25,9096,2026-02-28,2843827,0,0,0,,2843827
25,9097,2026-02-28,637721,0,0,0,,637721
25,9116,2026-03-07,3112192,0,0,0,,3112192
25,9117,2026-03-07,1793732,0,0,0,,1793732
25,9147,2026-03-14,3123864,0,0,0,,3123864
25,9148,2026-03-14,2251350,0,0,0,,2251350
25,0,2026-03-21,0,0,13762686,0,,-13762686
25,9186,2026-03-21,1822984,0,1822984,0,,0
25,9195,2026-03-21,4282221,0,4282221,0,,0
25,9212,2026-03-21,48064,0,0,0,,48064
25,9223,2026-03-30,3901648,0,0,0,,3901648
25,9224,2026-03-30,549249,0,0,0,,549249
25,9231,2026-03-30,61216,0,0,0,,61216
25,9286,2026-04-13,2736204,0,0,0,,2736204
25,9287,2026-04-13,2862516,0,0,0,,2862516
25,9309,2026-04-13,300843,0,0,0,,300843
25,9325,2026-04-17,2709636,0,0,0,,2709636
25,9326,2026-04-17,167429,0,0,0,,167429
25,9376,2026-04-24,1974079,0,0,0,,1974079
25,9377,2026-04-24,2011925,0,0,0,,2011925
25,9399,2026-04-24,158464,0,0,0,,158464
25,9411,2026-04-30,3155250,0,0,0,,3155250
25,0,2026-04-29,0,0,17481273,0,,-17481273
25,9412,2026-04-30,267287,0,0,0,,267287
25,9419,2026-04-30,261854,0,0,0,,261854
25,9446,2026-05-11,3321176,0,0,0,,3321176
25,9447,2026-05-11,51187,0,0,0,,51187
25,9487,2026-05-16,3869110,0,0,0,,3869110
25,9488,2026-05-16,308268,0,0,0,,308268
25,9526,2026-05-22,3046383,0,0,0,,3046383
25,0,2026-05-30,0,0,14280515,0,,-14280515
25,9554,2026-05-30,2671530,0,0,0,,2671530
25,0,2026-05-30,0,0,4500000,0,,-4500000
25,9596,2026-06-06,3004486,0,0,0,,3004486
25,9597,2026-06-06,1589137,0,0,0,,1589137
25,9623,2026-06-06,226234,0,0,0,,226234
25,9632,2026-06-13,2954351,0,0,0,,2954351
26,0,2026-02-09,767789,0,0,0,,767789
26,0,2026-02-17,0,0,0,50000,,-50000
26,0,2026-02-28,0,50000,0,0,,-50000
26,CAF,2026-02-28,453800,453800,0,0,,0
26,0,2026-03-05,0,96188,0,0,,-96188
26,0,2026-03-07,209000,209000,0,0,,0
26,0,2026-03-07,208000,208000,0,0,,0
26,0,2026-03-13,0,44000,0,0,,-44000
26,0,2026-03-13,216000,216000,0,0,,0
26,0,2026-03-18,0,2000,0,0,,-2000
26,0,2026-03-18,598000,598000,0,0,,0
26,0,2026-03-26,196000,196000,0,0,,0
26,0,2026-03-26,0,4000,0,0,,-4000
26,0,2026-04-06,247000,247000,0,0,,0
26,0,2026-04-06,0,13000,0,0,,-13000
26,0,2026-04-11,0,56302,0,0,,-56302
26,0,2026-04-11,0,8000,0,0,,-8000
26,0,2026-05-02,0,20000,0,0,,-20000
26,0,2026-05-08,0,25000,0,0,,-25000
26,9576,2026-05-30,535450,535450,0,0,,0
26,9579,2026-05-30,357277,357277,0,0,,0
26,0,2026-06-18,0,62147,0,0,,-62147
28,9095,2026-02-28,850553,0,0,850553,,0
28,9216,2026-03-30,1135425,0,0,1135425,,0
28,9252,2026-04-04,402509,0,0,0,,402509
28,0,2026-04-06,0,0,0,402509,,-402509
28,9367,2026-04-24,396757,0,0,0,,396757
28,0,2026-04-28,0,0,0,396757,,-396757
29,CAF,2025-11-04,108874,0,0,0,,108874
29,0,2025-11-07,0,0,0,108874,,-108874
29,CAF,2025-11-07,1095000,0,0,0,,1095000
29,0,2025-11-14,0,1095000,0,0,,-1095000
29,CAF,2025-11-14,1116488,0,0,0,,1116488
29,0,2025-11-21,0,0,1116488,0,,-1116488
29,CAF,2025-11-21,1105989,0,0,0,,1105989
29,0,2025-11-28,0,1105989,0,0,,-1105989
29,CAF,2025-12-05,1124548,0,0,0,,1124548
29,0,2025-12-12,0,1124548,0,0,,-1124548
29,CAF,2025-12-12,1365687,0,0,0,,1365687
29,0,2025-12-19,0,1365687,0,0,,-1365687
29,CAF,2025-12-19,847402,0,0,0,,847402
29,0,2025-12-23,0,847402,0,0,,-847402
29,CAF,2025-12-24,1070993,0,0,0,,1070993
29,0,2025-12-31,0,1070993,0,0,,-1070993
29,CAF,2025-12-31,1095093,0,0,0,,1095093
29,0,2026-01-09,0,1095093,0,0,,-1095093
29,CAF,2026-01-09,1020913,0,0,0,,1020913
29,0,2026-01-18,0,1020913,0,0,,-1020913
29,CAF,2026-01-18,1018166,0,0,0,,1018166
29,0,2026-01-23,0,1018166,0,0,,-1018166
29,CAF,2026-01-24,1140146,0,0,0,,1140146
29,0,2026-01-30,0,1140146,0,0,,-1140146
29,CAF,2026-01-30,1113108,0,0,0,,1113108
29,0,2026-02-06,0,1113108,0,0,,-1113108
29,CAF,2026-02-06,1104547,0,0,0,,1104547
29,0,2026-02-08,0,1104547,0,0,,-1104547
29,CAF,2026-02-09,1132825,0,0,0,,1132825
29,0,2026-02-13,0,1132825,0,0,,-1132825
29,CAF,2026-02-14,1122881,0,0,0,,1122881
29,0,2026-02-20,0,1122881,0,0,,-1122881
29,CAF,2026-02-20,1107244,0,0,0,,1107244
29,0,2026-03-07,0,1107244,0,0,,-1107244
29,0,2026-03-07,1107182,0,0,0,,1107182
29,0,2026-03-14,1049000,0,0,0,,1049000
29,0,2026-03-14,0,1107182,0,0,,-1107182
29,0,2026-03-26,0,1049000,0,0,,-1049000
29,0,2026-03-26,1021290,0,0,0,,1021290
29,0,2026-04-02,0,1021290,0,0,,-1021290
29,0,2026-03-28,1102158,0,0,0,,1102158
29,0,2026-04-04,1082200,0,0,0,,1082200
29,0,2026-04-11,0,1082200,0,0,,-1082200
29,0,2026-04-11,0,1102158,0,0,,-1102158
29,0,2026-04-13,1105956,0,0,0,,1105956
29,0,2026-04-16,1086228,0,0,0,,1086228
29,0,2026-04-20,0,1105976,0,0,,-1105976
29,0,2026-04-23,0,1086208,0,0,,-1086208
29,0,2026-04-23,1148000,0,0,0,,1148000
29,0,2026-04-28,1146890,0,0,0,,1146890
29,0,2026-05-01,0,1148000,0,0,,-1148000
29,0,2026-05-06,1048500,0,0,0,,1048500
29,0,2026-05-08,0,1146890,0,0,,-1146890
29,0,2026-05-14,0,1048500,0,0,,-1048500
29,0,2026-05-14,1106758,0,0,0,,1106758
29,0,2026-05-21,0,0,0,306758,,-306758
29,0,2026-05-22,0,800000,0,0,,-800000
29,0,2026-05-23,1131720,0,0,0,,1131720
29,0,2026-05-25,1042656,0,0,0,,1042656
29,0,2026-05-28,0,1131720,0,0,,-1131720
29,0,2026-05-29,0,1042656,0,0,,-1042656
29,0,2026-05-31,1066985,0,0,0,,1066985
29,0,2026-06-08,1168000,0,0,0,,1168000
29,0,2026-06-11,0,0,0,166985,,-166985
29,0,2026-06-17,0,900000,0,0,,-900000
29,0,2026-06-17,0,0,0,168000,,-168000
29,0,2026-06-15,1121000,0,0,0,,1121000
30,9194,2026-03-21,123489,123489,0,0,,0
31,8132,2025-08-07,83300,0,0,0,,83300
31,0,2025-08-16,0,0,0,83300,,-83300
31,8168,2025-08-16,41650,0,0,0,,41650
31,0,2025-08-21,0,0,0,41650,,-41650
31,8581,2025-09-12,190400,0,0,0,,190400
31,0,2025-09-27,0,0,0,190400,,-190400
31,8364,2025-10-03,83300,0,0,0,,83300
31,0,2025-10-09,0,0,0,83300,,-83300
31,8523,2025-11-07,119000,0,0,0,,119000
31,0,2025-11-14,0,0,0,119000,,-119000
31,8874,2026-01-16,89250,0,0,0,,89250
31,0,2026-01-23,0,0,0,89250,,-89250
31,8911,2026-01-24,89250,0,0,0,,89250
31,0,2026-01-30,0,0,0,89250,,-89250
31,9054,2026-02-20,13090,0,0,0,,13090
31,9122,2026-03-07,41650,0,0,0,,41650
31,9165,2026-03-14,59500,0,0,59500,,0
31,0009202,2026-03-21,53550,0,0,0,,53550
31,0,2026-04-06,0,0,0,53580,,-53580
31,0,2026-04-06,0,0,0,54710,,-54710
32,0009203,2026-03-21,41650,41650,0,0,,0
32,0009263,2026-04-04,130900,130900,0,0,,0
36,8968,2026-02-07,792535,0,0,0,,792535
36,8969,2026-02-07,374013,0,0,0,,374013
36,8970,2026-02-07,114002,0,0,0,,114002
36,9030,2026-02-20,706607,0,0,0,,706607
36,9031,2026-02-20,511513,0,0,0,,511513
36,9034,2026-02-20,310500,0,0,0,,310500
36,0,2026-03-06,0,0,2809170,0,,-2809170
36,9103,2026-03-07,1260046,0,1260046,0,,0
36,9105,2026-03-07,347011,0,0,0,,347011
36,9106,2026-03-07,628739,0,0,0,,628739
36,9107,2026-03-07,158514,0,0,0,,158514
36,9178,2026-03-21,393898,0,0,0,,393898
36,9179,2026-03-21,221385,0,0,0,,221385
36,9180,2026-03-21,556490,0,0,0,,556490
36,9248,2026-04-04,811140,0,0,0,,811140
36,9249,2026-04-04,532322,0,0,0,,532322
36,9250,2026-04-04,192715,0,0,0,,192715
36,0,2026-04-09,0,0,2306037,0,,-2306037
36,9315,2026-04-17,508297,0,0,0,,508297
36,9316,2026-04-17,315699,0,0,0,,315699
36,9361,2026-04-24,188103,0,0,0,,188103
36,9362,2026-04-24,235465,0,0,0,,235465
36,9368,2026-04-24,188103,0,0,0,,188103
36,0,2026-05-08,0,0,2971844,0,,-2971844
36,9436,2026-05-11,1015015,0,0,0,,1015015
36,9437,2026-05-11,661446,0,0,0,,661446
36,9438,2026-05-11,303213,0,0,0,,303213
36,9519,2026-05-22,1054442,0,0,0,,1054442
36,9520,2026-05-22,131102,0,0,0,,131102
36,9532,2026-05-22,892264,0,0,0,,892264
36,0,2026-06-04,0,0,4057482,0,,-4057482
36,9586,2026-06-06,695768,0,0,0,,695768
36,9587,2026-06-06,218365,0,0,0,,218365
36,9588,2026-06-06,296450,0,0,0,,296450
38,8586,2025-11-07,57120,0,0,0,,57120
38,0,2025-11-14,0,0,0,57120,,-57120
38,8559,2025-11-14,122570,0,0,0,,122570
38,0,2025-11-14,0,0,0,122570,,-122570
38,8664,2025-12-05,70330,0,0,0,,70330
38,0,2025-12-19,0,0,0,65445,,-65445
38,0,2026-02-28,0,4885,0,0,,-4885
38,CAF,2026-02-28,223000,223000,0,0,,0
38,9131,2026-03-07,62000,0,0,0,,62000
38,0,2026-03-12,0,0,0,62000,,-62000
38,9158,2026-03-14,62000,0,0,0,,62000
38,0,2026-03-26,0,62000,0,0,,-62000
38,9232,2026-03-30,66640,0,0,0,,66640
38,0,2026-04-04,0,0,0,66640,,-66640
38,9281,2026-04-13,66700,66700,0,0,,0
38,0,2026-04-16,257800,0,0,0,,257800
38,0,2026-04-23,0,257800,0,0,,-257800
38,9365,2026-04-24,190689,0,0,0,,190689
38,0,2026-04-30,0,190689,0,0,,-190689
38,9461,2026-05-11,71400,0,0,0,,71400
38,9499,2026-05-16,65450,0,0,0,,65450
38,0,2026-05-21,0,0,0,71400,,-71400
38,0,2026-05-21,0,0,0,65450,,-65450
38,9537,2026-05-22,71400,0,0,0,,71400
38,0,2026-05-22,0,0,0,71400,,-71400
38,9590,2026-06-06,71400,0,0,0,,71400
38,0,2026-06-11,142739,0,0,0,,142739
38,0,2026-06-14,0,0,0,142739,,-142739
38,0,2026-06-18,0,0,0,71400,,-71400
38,0,2026-06-16,228967,0,0,0,,228967
38,0,2026-06-18,79000,0,0,0,,79000
41,8902,2026-01-24,309999,0,0,0,,309999
41,8935,2026-01-30,418870,0,0,0,,418870
41,0,2026-02-06,0,0,728869,0,,-728869
41,9080,2026-02-28,567159,0,567159,0,,0
41,9149,2026-03-14,351975,0,351975,0,,0
41,9176,2026-03-14,51766,0,0,0,,51766
41,0,2026-03-21,0,0,51766,0,,-51766
41,9188,2026-03-21,146785,0,0,0,,146785
41,0,2026-03-26,0,0,146785,0,,-146785
41,9288,2026-04-13,595550,0,595550,0,,0
41,9378,2026-04-24,709529,0,709529,0,,0
42,CAF,2025-09-17,32550,0,0,0,,32550
42,0,2025-10-09,0,20000,0,0,,-20000
42,0,2025-10-14,0,0,0,12550,,-12550
42,CAF,2025-12-19,40796,0,0,0,,40796
42,0,2026-01-18,0,0,0,20796,,-20796
42,0,2026-03-13,0,20000,0,0,,-20000
43,0,2026-02-14,117029,0,0,0,,117029
43,9056,2026-02-20,33958,0,0,0,,33958
43,9123,2026-03-07,27452,0,0,0,,27452
43,9166,2026-03-14,36339,0,0,0,,36339
43,0009204,2026-03-21,43214,0,0,0,,43214
43,0009237,2026-03-30,41423,0,0,0,,41423
43,9253,2026-04-04,986998,0,0,0,,986998
43,0009264,2026-04-04,50575,0,0,0,,50575
43,0009332,2026-04-17,66921,0,0,0,,66921
43,0009386,2026-04-24,68924,0,0,0,,68924
43,0009424,2026-05-04,77036,0,0,0,,77036
43,0009463,2026-05-11,59254,0,0,0,,59254
43,0009501,2026-05-16,108733,0,0,0,,108733
43,0009538,2026-05-22,33076,0,0,0,,33076
43,0009561,2026-05-30,58849,0,0,0,,58849
43,0,2026-05-30,0,0,0,1809781,,-1809781
43,0009611,2026-06-06,59618,0,0,0,,59618
43,0009613,2026-06-06,13407,0,0,0,,13407
43,9653,2026-06-13,202122,0,0,0,,202122
43,0009641,2026-06-13,90873,0,0,0,,90873
44,CAF,2025-10-09,54900,0,0,0,,54900
44,0,2025-10-09,260028,0,0,0,,260028
44,0,2025-10-23,0,0,0,314928,,-314928
44,CAF,2025-11-07,54900,0,0,0,,54900
44,0,2025-11-14,0,0,0,54900,,-54900
44,CAF,2025-11-21,82350,0,0,0,,82350
44,CAF,2025-12-08,54900,0,0,0,,54900
44,0,2025-12-12,332838,0,0,0,,332838
44,0,2025-12-19,271050,0,0,0,,271050
44,0,2026-02-02,0,0,0,741138,,-741138
44,CAF,2026-02-07,74115,0,0,0,,74115
44,CAF,2026-02-28,290112,290112,0,0,,0
44,000,2026-03-14,184830,184830,0,0,,0
44,0,2026-03-25,232456,232456,0,0,,0
44,0,2026-03-26,0,74115,0,0,,-74115
44,0,2026-06-11,85350,0,0,0,,85350
44,0,2026-06-13,0,0,0,85350,,-85350
44,0,2026-06-18,85350,0,0,0,,85350
44,0,2026-06-18,0,0,0,85350,,-85350
45,8971,2026-02-07,538035,0,0,0,,538035
45,8992,2026-02-07,64141,0,0,0,,64141
45,9020,2026-02-14,61226,0,0,0,,61226
45,9033,2026-02-20,85505,0,0,0,,85505
45,9057,2026-02-20,77463,0,0,0,,77463
45,0009084,2026-02-28,73304,0,0,0,,73304
45,0,2026-03-01,0,0,538035,0,,-538035
45,0,2026-03-01,0,0,64141,0,,-64141
45,9109,2026-03-07,57001,0,0,0,,57001
45,9102,2026-03-07,215636,0,0,0,,215636
45,0009124,2026-03-07,61642,0,0,0,,61642
45,9167,2026-03-14,57061,0,0,0,,57061
45,9181,2026-03-21,122609,0,0,0,,122609
45,0009205,2026-03-21,62475,0,0,0,,62475
45,0009238,2026-03-30,62892,0,0,0,,62892
45,9251,2026-04-04,235327,0,0,0,,235327
45,0009265,2026-04-04,75137,0,0,0,,75137
45,0,2026-04-08,0,0,358239,0,,-358239
45,0,2026-04-08,0,0,273641,0,,-273641
45,0,2026-04-08,0,0,182427,0,,-182427
45,9310,2026-04-13,115175,0,0,0,,115175
45,0009294,2026-04-13,73673,0,0,0,,73673
45,0,2026-04-14,0,0,235327,0,,-235327
45,0,2026-04-14,0,0,122609,0,,-122609
45,0,2026-04-14,0,0,75137,0,,-75137
45,0,2026-04-14,0,0,73673,0,,-73673
45,9314,2026-04-17,324326,0,0,0,,324326
45,0009333,2026-04-17,74161,0,0,0,,74161
45,9364,2026-04-24,484435,0,0,0,,484435
45,0009387,2026-04-24,77088,0,0,0,,77088
45,0009425,2026-05-04,71721,0,0,0,,71721
45,0,2026-04-21,0,0,74168,0,,-74168
45,0,2026-04-21,0,0,77088,0,,-77088
45,0,2026-05-11,0,0,324326,0,,-324326
45,0,2026-05-11,0,0,484435,0,,-484435
45,9439,2026-05-11,85537,0,0,0,,85537
45,0009464,2026-05-11,73185,0,0,0,,73185
45,0009502,2026-05-16,80504,0,0,0,,80504
45,9521,2026-05-22,104926,0,0,0,,104926
45,0009539,2026-05-22,70258,0,0,0,,70258
45,0009562,2026-05-30,80504,0,0,0,,80504
45,0,2026-05-31,0,0,73185,0,,-73185
45,0,2026-05-31,0,0,80537,0,,-80537
45,0,2026-05-31,0,0,71721,0,,-71721
45,0,2026-05-31,0,0,85537,0,,-85537
45,9589,2026-06-06,114050,0,0,0,,114050
45,0009612,2026-06-06,81801,0,0,0,,81801
45,0,2026-06-15,0,0,70258,0,,-70258
45,0,2026-06-15,0,0,80504,0,,-80504
45,0,2026-06-15,0,0,104926,0,,-104926
45,0,2026-06-15,0,0,73185,0,,-73185
45,0,2026-06-15,0,0,80504,0,,-80504
45,0,2026-06-15,0,0,71721,0,,-71721
45,0,2026-06-15,0,0,85474,0,,-85474
49,8490,2025-10-30,176138,0,0,0,,176138
49,8552,2025-11-14,432024,0,0,0,,432024
49,0,2025-11-21,0,608162,0,0,,-608162
49,8628,2025-11-28,54808,0,0,0,,54808
49,0,2025-12-05,0,54808,0,0,,-54808
49,8723,2025-12-19,748403,0,0,0,,748403
49,8730,2025-12-19,54562,0,0,0,,54562
49,0,2025-12-31,0,802965,0,0,,-802965
49,8788,2025-12-31,397680,0,0,0,,397680
49,8803,2025-12-31,133898,0,0,0,,133898
49,0,2026-01-18,0,531578,0,0,,-531578
49,8936,2026-01-20,213504,0,0,0,,213504
49,0,2026-02-06,0,213504,0,0,,-213504
49,9047,2026-02-20,219098,0,0,0,,219098
49,9118,2026-03-07,198167,0,0,0,,198167
49,0,2026-03-13,0,417265,0,0,,-417265
49,9150,2026-03-14,131384,0,0,0,,131384
49,9225,2026-03-30,190694,0,0,0,,190694
49,0,2026-04-04,0,322078,0,0,,-322078
49,9257,2026-04-04,144307,144307,0,0,,0
49,9327,2026-04-17,181939,0,0,0,,181939
49,0,2026-05-01,0,181939,0,0,,-181939
49,9449,2026-05-11,385328,0,0,0,,385328
49,9511,2026-05-16,310300,0,0,0,,310300
49,0,2026-05-22,0,695628,0,0,,-695628
49,9527,2026-05-22,102070,0,0,0,,102070
49,0,2026-05-30,0,102070,0,0,,-102070
49,9599,2026-06-06,205396,0,0,0,,205396
50,7056,2024-11-15,142691,0,39897,0,,102794
50,7055,2024-11-29,139601,0,0,0,,139601
50,0,2024-12-06,0,100000,0,0,,-100000
50,7095,2024-12-06,85398,0,0,0,,85398
50,7386,2025-01-17,145375,0,0,0,,145375
50,7430,2025-01-31,167368,0,0,0,,167368
50,0,2025-03-07,0,0,0,100000,,-100000
50,0,2025-03-21,0,140000,0,0,,-140000
50,0,2025-04-04,0,100000,0,0,,-100000
50,0,2025-04-25,0,100000,0,0,,-100000
50,0,2025-06-06,0,100536,0,0,,-100536
50,8760,2025-12-24,160664,0,0,0,,160664
50,8805,2025-12-31,145473,0,0,0,,145473
50,0,2026-01-30,0,150000,0,0,,-150000
50,0,2026-03-21,0,156137,0,0,,-156137
51,7552,2025-03-07,170438,0,0,0,,170438
51,0,2025-03-14,0,0,0,170438,,-170438
51,7940,2025-06-19,162347,0,0,0,,162347
51,0,2025-06-26,0,0,0,162347,,-162347
51,8016,2025-07-17,242750,0,0,0,,242750
51,0,2025-07-31,0,0,0,242750,,-242750
51,8273,2025-09-12,252393,0,0,0,,252393
51,0,2025-09-17,0,0,0,252393,,-252393
51,8458,2025-10-23,474180,0,0,0,,474180
51,0,2025-10-10,0,0,0,474180,,-474180
51,8656,2025-12-05,119000,0,0,0,,119000
51,0,2025-12-12,0,0,0,119000,,-119000
51,9119,2026-03-07,336418,0,0,0,,336418
51,0,2026-03-14,0,0,0,336418,,-336418
51,9189,2026-03-21,104720,0,0,0,,104720
51,0,2026-03-26,0,104720,0,0,,-104720
51,9226,2026-03-30,263754,0,0,263754,,0
52,8763,2025-12-24,214562,0,214562,0,,0
52,8771,2025-12-24,214687,0,214687,0,,0
52,9081,2026-02-28,137237,0,137237,0,,0
52,0009091,2026-02-28,208786,0,208786,0,,0
52,0009134,2026-03-07,208786,0,208786,0,,0
52,9151,2026-03-14,179909,0,179909,0,,0
52,0009163,2026-03-14,207405,0,207405,0,,0
52,9190,2026-03-21,189109,0,189109,0,,0
52,0009198,2026-03-21,194982,0,194982,0,,0
52,9227,2026-03-30,171731,0,171731,0,,0
52,0009234,2026-03-30,203954,0,203954,0,,0
52,9258,2026-04-04,194220,0,0,0,,194220
52,0009271,2026-04-04,258944,0,0,0,,258944
52,0009304,2026-04-13,259753,0,259753,0,,0
52,0,2026-04-10,0,0,453164,0,,-453164
52,0009328,2026-04-17,194413,0,194413,0,,0
52,0009341,2026-04-20,248424,0,248424,0,,0
53,9108,2026-03-07,38435,0,0,0,,38435
54,8634,2025-11-28,16255,0,0,0,,16255
54,0,2025-12-12,0,0,0,16255,,-16255
54,8667,2025-12-12,7235,0,0,0,,7235
54,0,2025-12-12,0,0,0,7235,,-7235
54,8774,2025-12-24,16775,0,0,0,,16775
54,0,2026-01-09,0,0,0,16775,,-16775
54,8811,2025-12-31,7235,0,0,0,,7235
54,0,2026-01-09,0,0,0,7235,,-7235
54,8913,2026-01-24,9609,0,0,0,,9609
54,0,2026-02-02,0,0,0,9609,,-9609
54,8947,2026-01-30,7235,0,0,0,,7235
54,0,2026-02-02,0,0,0,7235,,-7235
54,9059,2026-02-20,21710,0,0,0,,21710
54,0,2026-02-28,0,0,0,21710,,-21710
54,0009085,2026-02-28,14855,0,0,0,,14855
54,0,2026-03-14,0,0,0,14855,,-14855
54,0009168,2026-03-14,10762,0,0,0,,10762
54,0,2026-03-21,0,0,0,10762,,-10762
54,0009206,2026-03-21,12327,0,0,12327,,0
54,0009239,2026-03-30,10898,0,0,0,,10898
54,0,2026-04-04,0,0,0,10898,,-10898
54,0009334,2026-04-17,8441,0,0,8441,,0
54,0009503,2026-05-16,14864,0,0,0,,14864
54,0,2026-05-28,0,0,0,14864,,-14864
55,8732,2025-12-19,995381,0,0,0,,995381
55,0,2025-12-23,0,0,0,497565,,-497565
55,8761,2025-12-24,875432,0,0,0,,875432
55,8764,2025-12-24,281175,0,0,0,,281175
55,0,2025-12-31,0,0,0,1654423,,-1654423
55,8790,2025-12-31,909121,0,0,0,,909121
55,8804,2025-12-31,72646,0,0,0,,72646
55,0,2026-01-18,0,300000,0,0,,-300000
55,0,2026-01-23,0,0,0,681767,,-681767
55,8903,2026-01-24,542110,0,0,0,,542110
55,0,2026-01-30,0,0,0,271000,,-271000
55,8938,2026-01-30,529832,0,0,0,,529832
55,0,2026-02-13,0,0,0,600000,,-600000
55,9013,2026-02-14,487254,0,0,0,,487254
55,0,2026-02-20,0,0,688196,0,,-688196
55,9050,2026-02-20,737017,0,0,0,,737017
55,0,2026-03-06,0,0,368508,0,,-368508
55,0,2026-03-06,0,0,368509,0,,-368509
55,9120,2026-03-07,458123,0,0,0,,458123
55,0,2026-03-13,0,0,458123,0,,-458123
55,9152,2026-03-14,956728,0,0,0,,956728
55,0,2026-03-21,0,0,478364,0,,-478364
55,0,2026-03-21,0,0,478364,0,,-478364
55,9191,2026-03-21,694797,0,0,0,,694797
55,0,2026-03-30,0,0,347399,0,,-347399
55,0,2026-03-30,0,0,347398,0,,-347398
55,9228,2026-03-30,285100,0,0,0,,285100
55,0,2026-04-04,0,285100,0,0,,-285100
55,9259,2026-04-04,788576,0,0,0,,788576
55,9276,2026-04-04,279289,0,0,0,,279289
55,9329,2026-04-17,479752,0,0,0,,479752
55,0,2026-04-17,0,0,1067865,0,,-1067865
55,0,2026-04-24,0,0,479752,0,,-479752
55,9480,2026-05-11,45097,0,0,0,,45097
55,9491,2026-05-16,1090714,0,1090714,0,,0
55,9529,2026-05-22,684864,0,684864,0,,0
55,0,2026-05-29,0,0,45097,0,,-45097
55,9601,2026-06-06,1052853,0,1052853,0,,0
55,9634,2026-06-13,1103358,0,1103358,0,,0
56,0,2025-10-23,468169,0,0,0,,468169
56,8494,2025-10-30,509251,0,0,0,,509251
56,0,2025-11-14,0,0,977420,0,,-977420
56,8584,2025-11-14,908194,0,0,0,,908194
56,8593,2025-11-21,941767,0,0,0,,941767
56,8630,2025-11-28,567648,0,0,0,,567648
56,0,2025-12-05,0,0,2417609,0,,-2417609
56,8750,2025-12-19,1426026,0,0,0,,1426026
56,8770,2025-12-24,1348147,0,0,0,,1348147
56,0,2025-12-31,0,0,2774173,0,,-2774173
56,9414,2026-04-30,241916,0,0,0,,241916
56,9452,2026-05-11,241916,0,0,0,,241916
57,0009086,2026-02-28,79897,79897,0,0,,0
57,0009125,2026-03-07,107233,107233,0,0,,0
57,0009171,2026-03-14,42533,42533,0,0,,0
57,0009240,2026-03-30,97473,97473,0,0,,0
57,0009295,2026-04-13,146738,146738,0,0,,0
58,CAF,2022-10-29,945516,0,0,0,,945516
58,0,2022-10-29,0,0,0,945516,,-945516
58,CAF,2022-11-11,488770,0,0,0,,488770
58,0,2022-11-14,0,0,0,488770,,-488770
58,0009160,2026-03-14,202991,0,0,202991,,0
58,0009358,2026-04-17,324085,324085,0,0,,0
59,0009087,2026-02-28,80753,0,80753,0,,0
59,9126,2026-03-07,68261,0,68261,0,,0
59,0009169,2026-03-14,96697,0,96697,0,,0
59,0009207,2026-03-21,85585,0,85585,0,,0
59,0009241,2026-03-30,60393,0,60393,0,,0
59,0009266,2026-04-04,28646,28646,0,0,,0
59,0009296,2026-04-13,27108,27108,0,0,,0
59,0009335,2026-04-17,81122,0,81122,0,,0
60,0009088,2026-02-28,82289,82289,0,0,,0
60,0009127,2026-03-07,54782,54782,0,0,,0
60,0009170,2026-03-14,57379,57379,0,0,,0
60,0009208,2026-03-21,87583,87583,0,0,,0
60,0009242,2026-03-30,17255,17255,0,0,,0
60,0009267,2026-04-04,72010,72010,0,0,,0
60,0009297,2026-04-13,37527,37527,0,0,,0
60,0009336,2026-04-17,78193,78193,0,0,,0
61,CAF,2026-01-30,498206,0,0,0,,498206
61,0,2026-02-06,0,0,0,498206,,-498206
61,9025,2026-02-14,513446,0,0,0,,513446
61,0,2026-02-20,0,0,0,513446,,-513446
61,CAF,2026-02-28,395877,0,0,0,,395877
61,0009128,2026-03-07,477887,0,0,0,,477887
61,0,2026-03-04,0,395877,0,0,,-395877
61,0,2026-03-10,0,477887,0,0,,-477887
61,0,2026-03-25,476259,0,0,0,,476259
61,0,2026-03-26,0,0,0,476259,,-476259
61,0009243,2026-03-30,472203,0,0,472203,,0
61,0009268,2026-04-04,587850,0,0,0,,587850
61,0,2026-04-13,0,0,0,587850,,-587850
61,0009298,2026-04-13,396365,0,0,396365,,0
61,0009337,2026-04-17,432619,0,0,0,,432619
61,0,2026-04-23,0,0,0,432619,,-432619
61,0009429,2026-05-04,636430,0,0,0,,636430
61,0009468,2026-05-07,506812,0,0,506812,,0
61,0,2026-05-07,0,0,0,636430,,-636430
61,0009507,2026-05-16,536219,0,0,0,,536219
61,0009543,2026-05-22,568309,0,0,0,,568309
61,0,2026-05-18,0,0,0,536219,,-536219
61,0,2026-05-28,0,0,0,568309,,-568309
61,0009567,2026-05-30,530553,0,0,0,,530553
61,0,2026-06-02,0,0,0,530553,,-530553
61,0009615,2026-06-06,572749,0,0,0,,572749
61,0,2026-06-11,0,0,0,572749,,-572749
61,0009644,2026-06-13,369138,0,0,0,,369138
61,0,2026-06-18,0,0,0,369138,,-369138
62,9177,2026-03-21,173065,0,0,173065,,0
62,9211,2026-03-21,206365,206365,0,0,,0
62,9213,2026-03-25,216540,216540,0,0,,0
62,9217,2026-03-30,584686,0,0,584686,,0
62,9247,2026-04-04,383424,0,0,383424,,0
62,9277,2026-04-06,404570,0,0,404570,,0
62,9308,2026-04-13,356935,0,0,356935,,0
62,9313,2026-04-17,433880,0,0,433880,,0
62,9317,2026-04-17,377681,0,0,377681,,0
62,9355,2026-04-20,455196,0,0,455196,,0
62,9360,2026-04-24,374764,374764,0,0,,0
62,9366,2026-04-24,64974,64974,0,0,,0
62,9583,2026-06-06,238243,0,0,0,,238243
62,9582,2026-06-06,217032,0,0,0,,217032
62,0,2026-06-11,0,0,0,455275,,-455275
67,0,2026-03-07,242211,0,0,242211,,0
68,0009129,2026-03-07,23800,23800,0,0,,0
68,0009209,2026-03-21,95200,95200,0,0,,0
68,0009244,2026-03-30,47600,47600,0,0,,0
68,0009299,2026-04-13,119000,0,0,119000,,0
68,0009338,2026-04-17,42840,0,0,42840,,0
68,0009393,2026-04-24,136850,50000,0,0,,86850
68,0,2026-04-28,0,0,0,86850,,-86850
68,0009430,2026-05-04,59500,0,0,0,,59500
68,0,2026-05-07,0,0,0,59500,,-59500
68,0009645,2026-06-13,142800,0,0,0,,142800
69,0,2024-09-07,221916,0,0,0,,221916
69,0,2024-10-04,0,0,0,117816,,-117816
69,0,2024-11-01,0,0,0,104100,,-104100
69,8691,2025-12-12,127023,0,0,0,,127023
69,0,2025-12-19,0,0,0,127023,,-127023
70,0009089,2026-02-28,71400,71400,0,0,,0
70,0009130,2026-03-07,7140,7140,0,0,,0
70,0009172,2026-03-14,47600,47600,0,0,,0
70,0009300,2026-04-13,53550,53550,0,0,,0
71,0009173,2026-03-14,41650,41650,0,0,,0
71,0009245,2026-03-30,29750,29750,0,0,,0
71,0009269,2026-04-04,119000,119000,0,0,,0
71,0009301,2026-04-13,14280,14280,0,0,,0
72,0,2025-09-17,77461,0,0,0,,77461
72,8334,2025-09-26,180901,0,0,0,,180901
72,0,2025-10-09,0,0,0,200000,,-200000
72,8498,2025-10-30,179319,0,0,0,,179319
72,0,2025-11-14,0,0,0,200000,,-200000
72,8619,2025-11-28,120768,0,0,0,,120768
72,0,2025-12-09,0,0,0,120768,,-120768
72,8681,2025-12-10,187981,0,0,0,,187981
72,0,2025-12-19,0,0,0,187981,,-187981
72,8854,2025-12-19,186566,0,0,0,,186566
72,0,2026-01-07,0,0,0,187981,,-187981
72,8963,2026-01-30,183234,0,0,0,,183234
72,0,2026-03-14,0,219500,0,0,,-219500
72,9175,2026-03-14,185733,0,0,0,,185733
72,0,2026-03-30,0,0,0,185733,,-185733
72,9347,2026-04-17,182891,0,0,0,,182891
72,0,2026-05-28,0,0,0,182891,,-182891
72,9578,2026-05-30,190103,0,0,0,,190103
73,0009174,2026-03-14,35700,35700,0,0,,0
74,0009270,2026-04-04,59500,59500,0,0,,0
78,9014,2026-02-14,1339375,0,0,0,,1339375
78,0,2026-02-20,0,0,0,1339375,,-1339375
78,9064,2026-02-20,1203727,0,0,0,,1203727
78,0,2026-02-28,0,0,0,1203727,,-1203727
78,0009092,2026-02-28,1303036,0,0,0,,1303036
78,0,2026-03-05,0,0,0,1303036,,-1303036
78,0009136,2026-03-07,1361005,0,0,0,,1361005
78,0,2026-03-10,0,0,0,1361005,,-1361005
78,0009162,2026-03-14,1413713,0,0,0,,1413713
78,0,2026-03-21,0,0,0,1413713,,-1413713
78,0009197,2026-03-21,1025613,0,0,0,,1025613
78,0,2026-03-26,0,1025613,0,0,,-1025613
78,0009235,2026-03-30,1320149,0,0,0,,1320149
78,0,2026-04-02,0,0,0,1320149,,-1320149
78,0009273,2026-04-04,791981,0,0,0,,791981
78,0,2026-04-07,0,0,0,791981,,-791981
78,0009303,2026-04-13,1471412,0,0,0,,1471412
78,0,2026-04-16,0,0,0,1471412,,-1471412
78,0009344,2026-04-17,1414256,0,0,0,,1414256
78,0,2026-04-23,0,0,0,1414256,,-1414256
78,0009382,2026-04-24,988369,0,0,0,,988369
78,0,2026-04-28,0,0,0,988369,,-988369
78,0009422,2026-04-30,1315549,0,0,0,,1315549
78,0,2026-05-06,0,0,0,1315549,,-1315549
78,0009457,2026-05-11,1263970,0,0,0,,1263970
78,0,2026-05-14,0,0,0,1263970,,-1263970
78,0009496,2026-05-16,1051916,0,0,0,,1051916
78,0,2026-05-22,0,0,0,1051916,,-1051916
78,0009533,2026-05-22,1068350,0,0,0,,1068350
78,0,2026-05-28,0,0,0,1068350,,-1068350
78,0009573,2026-05-30,1343426,0,0,0,,1343426
78,0,2026-06-06,0,0,0,1343426,,-1343426
78,9606,2026-06-06,1495673,0,0,0,,1495673
78,0,2026-06-11,0,0,0,1495673,,-1495673
78,0009639,2026-06-13,996466,0,0,0,,996466
79,0,2026-01-18,1956441,0,0,0,,1956441
79,0,2026-01-23,0,1800000,0,0,,-1800000
79,8904,2026-01-24,784519,0,0,0,,784519
79,0,2026-01-30,0,940960,0,0,,-940960
79,8939,2026-01-30,999856,0,457856,0,,542000
79,0,2026-02-06,0,542000,0,0,,-542000
79,8982,2026-02-06,877145,0,258000,0,,619145
79,0,2026-02-13,0,619145,0,0,,-619145
79,9010,2026-02-14,684030,0,20851,0,,663179
79,0,2026-02-20,0,663179,0,0,,-663179
79,9051,2026-02-20,879866,0,136821,0,,743045
79,0,2026-02-28,0,600000,0,0,,-600000
79,9082,2026-02-28,947827,0,0,0,,947827
79,0,2026-03-06,0,500000,0,0,,-500000
79,9121,2026-03-07,864979,0,0,0,,864979
79,0,2026-03-13,0,810000,0,0,,-810000
79,9153,2026-03-14,808215,0,0,0,,808215
79,0,2026-03-21,0,740000,0,0,,-740000
79,0,2026-03-21,0,100000,0,0,,-100000
79,9192,2026-03-21,577425,0,0,0,,577425
79,0,2026-03-30,0,800000,0,0,,-800000
79,9229,2026-03-30,724628,0,0,0,,724628
79,0,2026-04-04,0,940000,0,0,,-940000
79,9260,2026-04-04,851959,0,0,0,,851959
79,0,2026-04-11,0,870000,0,0,,-870000
79,9289,2026-04-13,719028,0,0,0,,719028
79,0,2026-04-17,0,800000,0,0,,-800000
79,9330,2026-04-17,670846,0,0,0,,670846
79,0,2026-04-24,0,900000,0,0,,-900000
79,9379,2026-04-24,819848,0,0,0,,819848
79,0,2026-05-01,0,667800,0,0,,-667800
79,9415,2026-05-02,577395,0,0,0,,577395
79,94520,2026-05-02,451377,32200,0,0,,419177
79,0,2026-05-08,0,850000,0,0,,-850000
79,9453,2026-05-11,724583,0,0,0,,724583
79,0,2026-05-16,0,870000,0,0,,-870000
79,9492,2026-05-16,785725,0,0,0,,785725
79,0,2026-05-22,0,900000,0,0,,-900000
79,9530,2026-05-22,679897,0,0,0,,679897
79,0,2026-05-30,0,566777,0,0,,-566777
79,9559,2026-05-30,908401,233223,0,0,,675178
79,0,2026-06-06,0,675178,0,0,,-675178
79,9602,2026-06-06,822460,224822,0,0,,597638
79,0,2026-06-13,0,597638,0,0,,-597638
79,9635,2026-06-13,863138,2362,0,0,,860776
80,0009093,2026-02-28,89803,89803,0,0,,0
80,0009161,2026-03-14,70323,70323,0,0,,0
80,0009200,2026-03-21,94231,0,0,94231,,0
80,0009274,2026-04-04,102599,102599,0,0,,0
80,0009455,2026-05-11,120790,0,0,120790,,0
80,0009497,2026-05-16,188358,0,0,0,,188358
80,0,2026-05-22,0,0,0,188358,,-188358
80,0009574,2026-05-30,160335,0,0,0,,160335
80,0,2026-06-06,0,0,0,160335,,-160335
81,6603,2024-07-12,71865,0,60000,0,,11865
81,0,2024-06-27,0,0,0,11865,,-11865
81,7602,2025-03-21,67531,0,0,0,,67531
81,0,2025-03-21,0,0,0,67531,,-67531
83,FLETE,2024-05-28,90705,0,0,0,,90705
83,0,2024-05-28,0,90705,0,0,,-90705
83,FLETE,2024-10-02,6080,0,0,0,,6080
83,0,2024-10-11,0,0,0,6080,,-6080
83,FLETE,2024-11-14,3800,0,0,0,,3800
83,0,2024-11-22,0,3800,0,0,,-3800
83,FLETE,2025-02-19,30624,0,0,0,,30624
83,0,2025-03-07,0,0,0,30624,,-30624
83,FLETE,2025-03-08,16636,0,0,0,,16636
83,0,2025-03-14,0,0,0,16636,,-16636
83,8573,2025-11-14,49555,0,0,0,,49555
83,0,2025-11-21,0,0,0,49555,,-49555
83,8779,2025-12-24,14219,0,0,0,,14219
83,0,2025-12-31,0,0,0,14219,,-14219
83,8916,2026-01-24,36119,0,0,0,,36119
83,0,2026-02-13,0,0,0,36119,,-36119
83,0009210,2026-03-21,9581,0,0,9581,,0
88,8370,2025-10-03,221861,0,0,0,,221861
88,0,2025-10-09,0,0,0,221861,,-221861
88,8497,2025-10-30,385057,0,0,0,,385057
88,0,2025-11-07,0,0,0,385057,,-385057
88,8752,2025-12-19,222278,0,0,0,,222278
88,0,2025-12-23,0,0,0,222278,,-222278
88,9246,2026-04-04,470300,0,0,0,,470300
88,0,2026-04-06,0,0,0,470300,,-470300
89,8166,2025-08-14,110432,0,0,0,,110432
89,0,2025-08-21,0,0,110432,0,,-110432
89,8258,2025-09-17,168685,0,0,0,,168685
89,0,2025-09-26,0,0,0,168685,,-168685
89,8301,2025-09-17,100079,0,0,0,,100079
89,0,2025-09-26,0,0,100079,0,,-100079
89,8765,2025-10-24,194220,0,0,0,,194220
89,0,2025-12-31,0,0,194220,0,,-194220
89,8767,2025-12-24,167671,0,0,0,,167671
89,0,2025-12-31,0,0,167671,0,,-167671
89,9083,2026-02-28,190131,0,190131,0,,0
89,0009094,2026-02-28,109742,0,109742,0,,0
89,0009133,2026-03-07,118369,0,118369,0,,0
89,9154,2026-03-14,194220,0,194220,0,,0
89,0009164,2026-03-14,101114,0,101114,0,,0
89,9193,2026-03-21,175820,0,175820,0,,0
89,9230,2026-03-30,185020,0,185020,0,,0
89,0009236,2026-03-30,117679,0,117679,0,,0
89,9261,2026-04-04,194220,0,0,0,,194220
89,0009272,2026-04-04,127854,0,0,0,,127854
89,9290,2026-04-13,196481,0,196481,0,,0
89,0009305,2026-04-13,137969,0,137969,0,,0
89,0,2026-04-10,0,0,322074,0,,-322074
89,9331,2026-04-17,165458,0,165458,0,,0
89,0009345,2026-04-17,147274,0,147274,0,,0
89,9380,2026-04-24,180969,0,180969,0,,0
